date,worldscale_rate
08/01/88,140
15/01/88,140
22/01/88,130
29/01/88,130
05/02/88,115
12/02/88,110
19/02/88,110
26/02/88,115
04/03/88,120
11/03/88,115
18/03/88,105
25/03/88,100
01/04/88,100
08/04/88,100
15/04/88,105
22/04/88,120
29/04/88,140
06/05/88,140
13/05/88,145
20/05/88,145
27/05/88,145
03/06/88,140
10/06/88,135
17/06/88,125
24/06/88,130
01/07/88,130
08/07/88,130
15/07/88,125
22/07/88,115
29/07/88,110
05/08/88,115
12/08/88,120
19/08/88,120
26/08/88,120
02/09/88,125
09/09/88,125
16/09/88,125
23/09/88,120
30/09/88,122.5
07/10/88,125
14/10/88,135
21/10/88,135
28/10/88,135
04/11/88,140
11/11/88,145
18/11/88,145
25/11/88,140
02/12/88,140
09/12/88,145
16/12/88,150
23/12/88,150
30/12/88,150
06/01/89,180
13/01/89,180
20/01/89,175
27/01/89,175
03/02/89,170
10/02/89,175
17/02/89,170
24/02/89,160
03/03/89,150
10/03/89,140
17/03/89,142.5
24/03/89,145
31/03/89,145
07/04/89,150
14/04/89,150
21/04/89,160
28/04/89,165
05/05/89,167.5
12/05/89,170
19/05/89,175
26/05/89,170
02/06/89,175
09/06/89,175
16/06/89,170
23/06/89,165
30/06/89,165
07/07/89,150
14/07/89,140
21/07/89,150
28/07/89,155
04/08/89,150
11/08/89,150
18/08/89,150
25/08/89,165
01/09/89,165
08/09/89,180
15/09/89,170
22/09/89,165
29/09/89,165
06/10/89,170
13/10/89,170
20/10/89,170
27/10/89,185
03/11/89,185
10/11/89,190
17/11/89,190
24/11/89,190
01/12/89,180
08/12/89,177.5
15/12/89,180
22/12/89,180
29/12/89,180
05/01/90,180
12/01/90,180
19/01/90,182.5
26/01/90,185
02/02/90,185
09/02/90,170
16/02/90,170
23/02/90,165
02/03/90,165
09/03/90,165
16/03/90,165
23/03/90,160
30/03/90,160
06/04/90,155
13/04/90,155
20/04/90,155
27/04/90,165
04/05/90,165
11/05/90,175
18/05/90,165
25/05/90,165
01/06/90,165
08/06/90,165
15/06/90,160
22/06/90,160
29/06/90,165
06/07/90,165
13/07/90,165
20/07/90,165
27/07/90,165
03/08/90,165
10/08/90,160
17/08/90,160
24/08/90,165
31/08/90,150
07/09/90,160
14/09/90,165
21/09/90,160
28/09/90,160
05/10/90,160
12/10/90,160
19/10/90,205
26/10/90,210
02/11/90,210
09/11/90,210
16/11/90,205
23/11/90,210
30/11/90,210
07/12/90,205
14/12/90,205
21/12/90,190
28/12/90,190
04/01/91,165
11/01/91,150
18/01/91,240
25/01/91,240
01/02/91,220
08/02/91,220
15/02/91,222
22/02/91,210
01/03/91,200
08/03/91,190
15/03/91,170
22/03/91,170
29/03/91,165
05/04/91,160
12/04/91,155
19/04/91,150
26/04/91,145
03/05/91,140
10/05/91,145
17/05/91,145
24/05/91,130
31/05/91,130
07/06/91,120
14/06/91,117.5
21/06/91,117.5
28/06/91,115
05/07/91,110
12/07/91,102.5
19/07/91,100
26/07/91,97.5
02/08/91,95
09/08/91,97.5
16/08/91,95
23/08/91,105
30/08/91,100
06/09/91,105
13/09/91,105
20/09/91,105
27/09/91,110
04/10/91,110
11/10/91,110
18/10/91,110
25/10/91,110
01/11/91,110
08/11/91,115
15/11/91,115
22/11/91,125
29/11/91,115
06/12/91,115
13/12/91,120
20/12/91,125
27/12/91,128.5
03/01/92,151
10/01/92,135
17/01/92,135
24/01/92,150
31/01/92,150
07/02/92,140
14/02/92,110
21/02/92,140
28/02/92,120
06/03/92,120
13/03/92,120
20/03/92,120
27/03/92,115
03/04/92,110
10/04/92,110
17/04/92,115
24/04/92,115
01/05/92,105
08/05/92,110
15/05/92,110
22/05/92,125
29/05/92,125
05/06/92,125
12/06/92,125
19/06/92,125
26/06/92,110
03/07/92,115
10/07/92,117.5
17/07/92,117.5
24/07/92,120
31/07/92,122.5
07/08/92,117.5
14/08/92,125
21/08/92,125
28/08/92,125
04/09/92,125
11/09/92,125
18/09/92,125
25/09/92,120
02/10/92,120
09/10/92,120
16/10/92,120
23/10/92,120
30/10/92,115
06/11/92,115
13/11/92,115
20/11/92,115
27/11/92,120
04/12/92,125
11/12/92,125
18/12/92,135
25/12/92,135
01/01/93,145
08/01/93,145
15/01/93,145
22/01/93,152.5
29/01/93,150
05/02/93,145
12/02/93,125
19/02/93,130
26/02/93,120
05/03/93,115
12/03/93,120
19/03/93,120
26/03/93,115
02/04/93,115
09/04/93,115
16/04/93,115
23/04/93,120
30/04/93,115
07/05/93,125
14/05/93,130
21/05/93,132.5
28/05/93,130
04/06/93,120
11/06/93,120
18/06/93,115
25/06/93,115
02/07/93,120
09/07/93,120
16/07/93,145
23/07/93,150
30/07/93,150
06/08/93,150
13/08/93,150
20/08/93,145
27/08/93,145
03/09/93,155
10/09/93,155
17/09/93,157.5
24/09/93,160
01/10/93,170
08/10/93,165
15/10/93,165
22/10/93,165
29/10/93,170
05/11/93,170
12/11/93,175
19/11/93,175
26/11/93,175
03/12/93,177.5
10/12/93,180
17/12/93,180
24/12/93,180
31/12/93,180
07/01/94,185
14/01/94,190
21/01/94,192.5
28/01/94,190
04/02/94,185
11/02/94,185
18/02/94,185
25/02/94,145
04/03/94,145
11/03/94,150
18/03/94,155
25/03/94,155
01/04/94,155
08/04/94,150
15/04/94,155
22/04/94,160
29/04/94,157.5
06/05/94,157.5
13/05/94,155
20/05/94,155
27/05/94,160
03/06/94,157.5
10/06/94,155
17/06/94,155
24/06/94,152.5
01/07/94,147.5
08/07/94,147.5
15/07/94,150
22/07/94,150
29/07/94,147.5
05/08/94,148
12/08/94,148
19/08/94,148
26/08/94,150
02/09/94,150
09/09/94,158
16/09/94,170
23/09/94,170
30/09/94,175
07/10/94,165
14/10/94,170
21/10/94,180
28/10/94,185
04/11/94,185
11/11/94,190
18/11/94,195
25/11/94,195
02/12/94,195
09/12/94,195
16/12/94,195
23/12/94,190
30/12/94,185
06/01/95,180
13/01/95,175
20/01/95,175
27/01/95,170
03/02/95,170
10/02/95,170
17/02/95,170
24/02/95,170
03/03/95,175
10/03/95,175
17/03/95,175
24/03/95,165
31/03/95,165
07/04/95,155
14/04/95,145
21/04/95,147.5
28/04/95,147.5
05/05/95,140
12/05/95,140
19/05/95,145
26/05/95,145
02/06/95,160
09/06/95,165
16/06/95,162.5
23/06/95,165
30/06/95,160
07/07/95,174
14/07/95,185
21/07/95,185
28/07/95,185
04/08/95,185
11/08/95,185
18/08/95,185
25/08/95,185
01/09/95,180
08/09/95,180
15/09/95,175
22/09/95,170
29/09/95,170
06/10/95,170
13/10/95,175
20/10/95,200
27/10/95,210
03/11/95,210
10/11/95,205
17/11/95,212.5
24/11/95,220
01/12/95,215
08/12/95,210
15/12/95,210
22/12/95,210
29/12/95,210
05/01/96,210
12/01/96,210
19/01/96,210
26/01/96,202.5
02/02/96,202.5
09/02/96,202.5
16/02/96,200
23/02/96,200
01/03/96,200
08/03/96,195
15/03/96,185
22/03/96,177.5
29/03/96,170
05/04/96,165
12/04/96,165
19/04/96,165
26/04/96,162.5
03/05/96,162.5
10/05/96,162.5
17/05/96,162.5
24/05/96,165
31/05/96,167.5
07/06/96,170
14/06/96,170
21/06/96,172.5
28/06/96,172.5
05/07/96,170
12/07/96,170
19/07/96,170
26/07/96,170
02/08/96,170
09/08/96,170
16/08/96,167.5
23/08/96,167.5
30/08/96,167.5
06/09/96,167.5
13/09/96,167.5
20/09/96,167.5
27/09/96,167.5
04/10/96,175
11/10/96,175
18/10/96,182.5
25/10/96,182.5
01/11/96,185
08/11/96,187.5
15/11/96,195
22/11/96,195
29/11/96,200
06/12/96,215
13/12/96,215
20/12/96,215
27/12/96,215
03/01/97,215
10/01/97,215
17/01/97,225
24/01/97,215
31/01/97,210
07/02/97,212.5
14/02/97,207.5
21/02/97,207.5
28/02/97,200
07/03/97,200
14/03/97,195
21/03/97,200
28/03/97,200
04/04/97,200
11/04/97,197.5
18/04/97,197.5
25/04/97,192.5
02/05/97,187.5
09/05/97,185
16/05/97,175
23/05/97,175
30/05/97,175
06/06/97,172.5
13/06/97,175
20/06/97,170
27/06/97,160
04/07/97,160
11/07/97,150
18/07/97,145
25/07/97,140
01/08/97,135
08/08/97,140
15/08/97,145
22/08/97,145
29/08/97,145
05/09/97,147.5
12/09/97,145
19/09/97,150
26/09/97,155
03/10/97,155
10/10/97,155
17/10/97,147.5
24/10/97,152.5
31/10/97,150
07/11/97,155
14/11/97,160
21/11/97,165
28/11/97,185
05/12/97,185
12/12/97,185
19/12/97,180
26/12/97,185
02/01/98,185
09/01/98,180
16/01/98,180
23/01/98,177.5
30/01/98,180
06/02/98,180
13/02/98,185
20/02/98,182.5
27/02/98,180
06/03/98,180
13/03/98,170
20/03/98,160
27/03/98,140
03/04/98,147.5
10/04/98,147.5
17/04/98,145
24/04/98,145
01/05/98,145
08/05/98,145
15/05/98,142.5
22/05/98,145
29/05/98,142.5
05/06/98,137.5
12/06/98,140
19/06/98,140
26/06/98,145
03/07/98,150
10/07/98,152.5
17/07/98,150
24/07/98,150
31/07/98,155
07/08/98,155
14/08/98,155
21/08/98,152.5
28/08/98,152.5
04/09/98,152.5
11/09/98,152.5
18/09/98,152.5
25/09/98,140
02/10/98,140
09/10/98,140
16/10/98,142.5
23/10/98,140
30/10/98,142.5
06/11/98,147.5
13/11/98,150
20/11/98,152.5
27/11/98,155
04/12/98,155
11/12/98,155
18/12/98,155
25/12/98,157.5
01/01/99,157.5
08/01/99,167.5
15/01/99,155
22/01/99,150
29/01/99,145
05/02/99,137.5
12/02/99,120
19/02/99,110
26/02/99,105
05/03/99,110
12/03/99,105
19/03/99,105
26/03/99,110
02/04/99,110
09/04/99,110
16/04/99,110
23/04/99,115
30/04/99,120
07/05/99,130
14/05/99,132.5
21/05/99,142.5
28/05/99,147.5
04/06/99,155
11/06/99,152.5
18/06/99,155
25/06/99,152.5
02/07/99,150
09/07/99,150
16/07/99,150
23/07/99,150
30/07/99,152.5
06/08/99,150
13/08/99,145
20/08/99,145
27/08/99,145
03/09/99,145
10/09/99,145
17/09/99,145
24/09/99,150
01/10/99,147.5
08/10/99,147.5
15/10/99,140
22/10/99,135
29/10/99,135
05/11/99,140
12/11/99,137.5
19/11/99,135
26/11/99,135
03/12/99,135
10/12/99,140
17/12/99,140
24/12/99,147.5
31/12/99,160
07/01/00,167.5
14/01/00,165
21/01/00,170
28/01/00,167.5
04/02/00,170
11/02/00,180
18/02/00,177.5
25/02/00,175
03/03/00,172.5
10/03/00,170
17/03/00,175
24/03/00,177.5
31/03/00,190
07/04/00,187.5
14/04/00,190
21/04/00,195
28/04/00,195
05/05/00,195
12/05/00,195
19/05/00,192.5
26/05/00,197.5
02/06/00,200
09/06/00,200
16/06/00,225
23/06/00,230
30/06/00,235
07/07/00,235
14/07/00,240
21/07/00,255
28/07/00,255
04/08/00,252.5
11/08/00,250
18/08/00,255
25/08/00,270
01/09/00,270
08/09/00,270
15/09/00,270
22/09/00,267.5
29/09/00,270
06/10/00,265
13/10/00,270
20/10/00,280
27/10/00,280
03/11/00,300
10/11/00,300
17/11/00,305
24/11/00,310
01/12/00,335
08/12/00,350
15/12/00,370
22/12/00,385
29/12/00,425
05/01/01,427.5
12/01/01,427.5
19/01/01,435
26/01/01,435
02/02/01,435
09/02/01,430
16/02/01,430
23/02/01,420
02/03/01,405
09/03/01,375
16/03/01,305
23/03/01,260
30/03/01,250
06/04/01,230
13/04/01,215
20/04/01,220
27/04/01,210
04/05/01,215
11/05/01,220
18/05/01,220
25/05/01,240
01/06/01,250
08/06/01,250
15/06/01,260
22/06/01,250
29/06/01,250
06/07/01,240
13/07/01,220
20/07/01,215
27/07/01,220
03/08/01,220
10/08/01,215
17/08/01,215
24/08/01,210
31/08/01,205
07/09/01,185
14/09/01,185
21/09/01,200
28/09/01,220
05/10/01,215
12/10/01,205
19/10/01,195
26/10/01,195
02/11/01,195
09/11/01,165
16/11/01,150
23/11/01,150
30/11/01,130
07/12/01,125
14/12/01,125
21/12/01,125
28/12/01,125
04/01/02,115
11/01/02,125
18/01/02,130
25/01/02,132.5
01/02/02,132.5
08/02/02,150
15/02/02,150
22/02/02,152.5
01/03/02,152.5
08/03/02,152.5
15/03/02,145
22/03/02,140
29/03/02,140
05/04/02,135
12/04/02,130
19/04/02,125
26/04/02,120
03/05/02,125
10/05/02,125
17/05/02,132.5
24/05/02,140
31/05/02,140
07/06/02,140
14/06/02,145
21/06/02,145
28/06/02,145
05/07/02,150
12/07/02,150
19/07/02,150
26/07/02,152.5
02/08/02,157.5
09/08/02,160
16/08/02,157.5
23/08/02,160
30/08/02,167.5
06/09/02,170
13/09/02,172.5
20/09/02,175
27/09/02,172.5
04/10/02,170
11/10/02,165
18/10/02,162.5
25/10/02,160
01/11/02,160
08/11/02,165
15/11/02,170
22/11/02,175
29/11/02,200
06/12/02,225
13/12/02,230
20/12/02,245
27/12/02,250
03/01/03,250
10/01/03,270
17/01/03,270
24/01/03,265
31/01/03,260
07/02/03,260
14/02/03,250
21/02/03,250
28/02/03,245
07/03/03,245
14/03/03,250
21/03/03,280
28/03/03,280
04/04/03,295
11/04/03,295
18/04/03,285
25/04/03,282.5
02/05/03,280
09/05/03,255
16/05/03,250
23/05/03,247.5
30/05/03,220
06/06/03,205
13/06/03,190
20/06/03,175
27/06/03,185
04/07/03,205
11/07/03,215
18/07/03,227.5
25/07/03,255
01/08/03,255
08/08/03,250
15/08/03,250
22/08/03,245
29/08/03,240
05/09/03,220
12/09/03,210
19/09/03,195
26/09/03,180
03/10/03,160
10/10/03,150
17/10/03,165
24/10/03,145
31/10/03,142.5
07/11/03,145
14/11/03,155
21/11/03,160
28/11/03,165
05/12/03,195
12/12/03,197.5
19/12/03,197.5
26/12/03,200
02/01/04,195
09/01/04,195
16/01/04,205
23/01/04,215
30/01/04,235
06/02/04,255
13/02/04,265
20/02/04,270
27/02/04,277.5
05/03/04,275
12/03/04,265
19/03/04,255
26/03/04,230
02/04/04,225
09/04/04,180
16/04/04,155
23/04/04,175
30/04/04,175
07/05/04,175
14/05/04,175
21/05/04,177.5
28/05/04,205
04/06/04,220
11/06/04,220
18/06/04,225
25/06/04,235
02/07/04,240
09/07/04,245
16/07/04,247.5
23/07/04,235
30/07/04,220
06/08/04,210
13/08/04,215
20/08/04,215
27/08/04,212.5
03/09/04,212.5
10/09/04,210
17/09/04,212.5
24/09/04,217.5
01/10/04,225
08/10/04,235
15/10/04,275
22/10/04,350
29/10/04,390
05/11/04,410
12/11/04,415
19/11/04,390
26/11/04,390
03/12/04,390
10/12/04,380
17/12/04,360
24/12/04,370
31/12/04,365
07/01/05,340
14/01/05,340
21/01/05,270
28/01/05,220
04/02/05,220
11/02/05,220
18/02/05,225
25/02/05,235
04/03/05,265
11/03/05,250
18/03/05,250
25/03/05,250
01/04/05,235
08/04/05,220
15/04/05,230
22/04/05,230
29/04/05,240
06/05/05,235
13/05/05,235
20/05/05,210
27/05/05,185
03/06/05,185
10/06/05,185
17/06/05,185
24/06/05,200
01/07/05,210
08/07/05,225
15/07/05,225
22/07/05,227.5
29/07/05,220
05/08/05,220
12/08/05,225
19/08/05,235
26/08/05,245
02/09/05,250
09/09/05,325
16/09/05,360
23/09/05,380
30/09/05,400
07/10/05,410
14/10/05,415
21/10/05,440
28/10/05,450
04/11/05,440
11/11/05,400
18/11/05,320
25/11/05,320
02/12/05,310
09/12/05,305
16/12/05,310
23/12/05,350
30/12/05,350
06/01/06,365
13/01/06,365
20/01/06,330
27/01/06,290
03/02/06,275
10/02/06,210
17/02/06,200
24/02/06,170
03/03/06,165
10/03/06,160
17/03/06,150
24/03/06,140
31/03/06,135
07/04/06,112
14/04/06,135
21/04/06,185
28/04/06,200
05/05/06,200
12/05/06,220
19/05/06,250
26/05/06,240
02/06/06,225
09/06/06,240
16/06/06,235
23/06/06,230
30/06/06,215
07/07/06,215
14/07/06,202.5
21/07/06,220
28/07/06,220
04/08/06,250
11/08/06,300
18/08/06,295
25/08/06,300
01/09/06,300
08/09/06,285
15/09/06,255
22/09/06,225
29/09/06,220
06/10/06,210
13/10/06,200
20/10/06,190
27/10/06,170
03/11/06,160
10/11/06,150
17/11/06,145
24/11/06,145
01/12/06,155
08/12/06,200
15/12/06,230
22/12/06,245
29/12/06,245
05/01/07,210
12/01/07,190.5
19/01/07,180
26/01/07,150
02/02/07,145
09/02/07,155
16/02/07,160
23/02/07,175
02/03/07,180
09/03/07,180
16/03/07,180
23/03/07,180
30/03/07,180
06/04/07,175
13/04/07,170
20/04/07,175
27/04/07,177.5
04/05/07,190
11/05/07,197.5
18/05/07,205
25/05/07,190
01/06/07,180
08/06/07,175
15/06/07,170
22/06/07,155
29/06/07,155
06/07/07,185
13/07/07,185
20/07/07,190
27/07/07,200
03/08/07,195
10/08/07,185
17/08/07,185
24/08/07,192.5
31/08/07,180
07/09/07,170
14/09/07,170
21/09/07,167.5
28/09/07,160
05/10/07,150
12/10/07,165
19/10/07,160
26/10/07,150
02/11/07,150
09/11/07,150
16/11/07,165
23/11/07,177.5
30/11/07,220
07/12/07,250
14/12/07,255
21/12/07,255
28/12/07,240
04/01/08,240
11/01/08,230
18/01/08,230
25/01/08,200
01/02/08,187.5
08/02/08,180
15/02/08,175
22/02/08,175
29/02/08,180
07/03/08,180
14/03/08,180
21/03/08,177.5
28/03/08,177.5
04/04/08,170
11/04/08,160
18/04/08,160
25/04/08,157.5
02/05/08,170
09/05/08,175
16/05/08,185
23/05/08,215
30/05/08,275
06/06/08,320
13/06/08,340
20/06/08,315
27/06/08,290
04/07/08,300
11/07/08,305
18/07/08,290
25/07/08,315
01/08/08,350
08/08/08,350
15/08/08,385
22/08/08,385
29/08/08,365
05/09/08,340
12/09/08,350
19/09/08,365
26/09/08,365
03/10/08,350
10/10/08,350
17/10/08,325
24/10/08,310
31/10/08,275
07/11/08,240
14/11/08,240
21/11/08,230
28/11/08,205
05/12/08,170
12/12/08,160
19/12/08,145
26/12/08,145
02/01/09,140
09/01/09,95
16/01/09,87.5
23/01/09,90
30/01/09,110
06/02/09,125
13/02/09,135
20/02/09,130
27/02/09,110
06/03/09,90
13/03/09,85
20/03/09,75
27/03/09,70
03/04/09,60
10/04/09,52.5
17/04/09,48
24/04/09,60
01/05/09,62.5
08/05/09,62.5
15/05/09,62.5
22/05/09,67.5
29/05/09,80
05/06/09,80
12/06/09,85
19/06/09,90
26/06/09,92.5
03/07/09,92.5
10/07/09,87.5
17/07/09,80
24/07/09,82.5
31/07/09,100
07/08/09,105
14/08/09,100
21/08/09,90
28/08/09,95
04/09/09,100
11/09/09,105
18/09/09,122.5
25/09/09,125
02/10/09,127.5
09/10/09,120
16/10/09,100
23/10/09,95
30/10/09,90
06/11/09,85
13/11/09,100
20/11/09,125
27/11/09,130
04/12/09,130
11/12/09,125
18/12/09,125
25/12/09,125
01/01/10,117.5
08/01/10,157.5
15/01/10,157.5
22/01/10,155
29/01/10,155
05/02/10,135
12/02/10,127.5
19/02/10,125
26/02/10,120
05/03/10,125
12/03/10,125
19/03/10,120
26/03/10,122.5
02/04/10,120
09/04/10,120
16/04/10,122.5
23/04/10,130
30/04/10,140
07/05/10,150
14/05/10,155
21/05/10,150
28/05/10,140
04/06/10,135
11/06/10,125
18/06/10,120
25/06/10,120
02/07/10,120
09/07/10,117.5
16/07/10,115
23/07/10,150
30/07/10,160
06/08/10,160
13/08/10,165
20/08/10,160
27/08/10,165
03/09/10,155
10/09/10,140
17/09/10,140
24/09/10,127.5
01/10/10,120
08/10/10,115
15/10/10,112.5
22/10/10,105
29/10/10,107.5
05/11/10,105
12/11/10,120
19/11/10,135
26/11/10,135
03/12/10,135
10/12/10,130
17/12/10,135
24/12/10,130
31/12/10,130
07/01/11,115
14/01/11,120
21/01/11,120
28/01/11,115
04/02/11,112.5
11/02/11,115
18/02/11,110
25/02/11,115
04/03/11,115
11/03/11,120
18/03/11,120
25/03/11,127.5
01/04/11,127.5
08/04/11,127.5
15/04/11,145
22/04/11,150
29/04/11,145
06/05/11,145
13/05/11,140
20/05/11,130
27/05/11,132.5
03/06/11,132.5
10/06/11,120
17/06/11,125
24/06/11,125
01/07/11,125
08/07/11,122.5
15/07/11,125
22/07/11,127.5
29/07/11,127
05/08/11,127.5
12/08/11,135
19/08/11,145
26/08/11,155
02/09/11,155
09/09/11,145
16/09/11,135
23/09/11,132.5
30/09/11,125
07/10/11,122.5
14/10/11,119
21/10/11,112.5
28/10/11,112.5
04/11/11,120
11/11/11,125
18/11/11,125
25/11/11,125
02/12/11,126.5
09/12/11,127.5
16/12/11,120
23/12/11,120
30/12/11,120
06/01/12,105
13/01/12,96
20/01/12,105
27/01/12,105
03/02/12,102.5
10/02/12,100
17/02/12,100
24/02/12,100
02/03/12,100
09/03/12,97.5
16/03/12,97.5
23/03/12,100
30/03/12,105
06/04/12,112.5
13/04/12,117.5
20/04/12,125
27/04/12,125
04/05/12,125
11/05/12,120
18/05/12,110
25/05/12,105
01/06/12,100
08/06/12,105
15/06/12,100
22/06/12,105
29/06/12,120
06/07/12,125
13/07/12,120
20/07/12,122.5
27/07/12,130
03/08/12,125
10/08/12,122.5
17/08/12,118
24/08/12,120
31/08/12,120
07/09/12,120
14/09/12,115
21/09/12,115
28/09/12,112.5
05/10/12,107.5
12/10/12,114
19/10/12,130
26/10/12,130
02/11/12,140
09/11/12,137.5
16/11/12,130
23/11/12,135
30/11/12,140
07/12/12,140
14/12/12,145
21/12/12,145
28/12/12,145
04/01/13,117.5
11/01/13,115
18/01/13,105
25/01/13,100
01/02/13,95
08/02/13,92
15/02/13,95
22/02/13,117.5
01/03/13,120
08/03/13,120
15/03/13,135
22/03/13,135
29/03/13,133
05/04/13,125
12/04/13,115
19/04/13,115
26/04/13,110
03/05/13,110
10/05/13,100
17/05/13,96
24/05/13,93
31/05/13,93
07/06/13,98
14/06/13,95
21/06/13,90
28/06/13,87.5
05/07/13,78
12/07/13,75
19/07/13,76
26/07/13,77.5
02/08/13,80
09/08/13,89
16/08/13,90
23/08/13,120
30/08/13,120
06/09/13,115
13/09/13,105
20/09/13,100
27/09/13,105
04/10/13,110
11/10/13,102.5
18/10/13,101.5
25/10/13,90
01/11/13,96
08/11/13,96
15/11/13,92.5
22/11/13,89
29/11/13,86.5
06/12/13,100
13/12/13,107.5
20/12/13,105
27/12/13,100
03/01/14,95
10/01/14,90
17/01/14,86
24/01/14,86
31/01/14,90
07/02/14,100
14/02/14,105
21/02/14,120
28/02/14,107.5
07/03/14,107.5
14/03/14,110
21/03/14,109
28/03/14,109
04/04/14,99
11/04/14,95
18/04/14,87.5
25/04/14,95
02/05/14,99
09/05/14,107.5
16/05/14,117.5
23/05/14,117
30/05/14,117
06/06/14,117
13/06/14,112.5
20/06/14,107.5
27/06/14,105
04/07/14,97.5
11/07/14,96
18/07/14,105
25/07/14,115
01/08/14,115
08/08/14,125
15/08/14,125
22/08/14,128.75
29/08/14,117.5
05/09/14,113
12/09/14,130
19/09/14,125
26/09/14,117.5
03/10/14,110
10/10/14,117.5
17/10/14,125
24/10/14,132.5
31/10/14,132.5
07/11/14,135
14/11/14,125
21/11/14,118
28/11/14,117.5
05/12/14,110
12/12/14,115
19/12/14,117.5
26/12/14,117.5
02/01/15,122.5
09/01/15,127.5
16/01/15,120
23/01/15,110
30/01/15,120
06/02/15,110
13/02/15,110
20/02/15,98
27/02/15,105
06/03/15,130
13/03/15,130
20/03/15,130
27/03/15,130
03/04/15,130
10/04/15,127.5
17/04/15,107.5
24/04/15,96
01/05/15,98
08/05/15,120
15/05/15,125
22/05/15,125
29/05/15,145
05/06/15,142.5
12/06/15,140
19/06/15,140
26/06/15,140
03/07/15,155
10/07/15,165
17/07/15,170
24/07/15,172.5
31/07/15,172.5
07/08/15,175
14/08/15,160
21/08/15,130
28/08/15,115
04/09/15,117.5
11/09/15,115
18/09/15,102.5
25/09/15,95
02/10/15,79
09/10/15,72.5
16/10/15,80
23/10/15,82.5
30/10/15,82.5
06/11/15,82.5
13/11/15,80
20/11/15,80
27/11/15,82.5
04/12/15,90
11/12/15,95
18/12/15,112.5
25/12/15,110
01/01/16,110
08/01/16,145
15/01/16,135
22/01/16,127.5
29/01/16,117.5
05/02/16,100
12/02/16,100
19/02/16,100
26/02/16,100
04/03/16,110
11/03/16,115
18/03/16,125
25/03/16,125
01/04/16,112.5
08/04/16,95
15/04/16,92.5
22/04/16,97.5
29/04/16,95
06/05/16,97.5
13/05/16,102.5
20/05/16,105
27/05/16,99
03/06/16,95
10/06/16,92.5
17/06/16,90
24/06/16,105
01/07/16,107.5
08/07/16,100
15/07/16,100
22/07/16,100
29/07/16,105
05/08/16,110
12/08/16,110
19/08/16,115
26/08/16,110
02/09/16,105
09/09/16,95
16/09/16,87.5
23/09/16,82.5
30/09/16,75
07/10/16,77.5
14/10/16,87.5
21/10/16,94
28/10/16,87.5
04/11/16,75
11/11/16,75
18/11/16,75
25/11/16,75
02/12/16,75
09/12/16,75
16/12/16,85
23/12/16,110
30/12/16,112.5
06/01/17,114
13/01/17,116
20/01/17,113
27/01/17,112.5
03/02/17,107.5
10/02/17,112.5
17/02/17,130
24/02/17,120
03/03/17,117.5
10/03/17,125
17/03/17,125
24/03/17,132.5
31/03/17,132.5
07/04/17,112.5
14/04/17,105
21/04/17,100
28/04/17,110
05/05/17,112.5
12/05/17,112.5
19/05/17,100
26/05/17,97.5
02/06/17,110
09/06/17,105
16/06/17,105
23/06/17,107.5
30/06/17,117.5
07/07/17,119
14/07/17,111.5
21/07/17,112.5
28/07/17,117.5
04/08/17,125
11/08/17,135
18/08/17,125
25/08/17,122.5
01/09/17,121
08/09/17,130
15/09/17,140
22/09/17,142.5
29/09/17,152.5
06/10/17,130
13/10/17,125
20/10/17,115
27/10/17,112.5
03/11/17,122.5
10/11/17,125
17/11/17,125
24/11/17,129
01/12/17,130
08/12/17,140
15/12/17,137.5
22/12/17,125
29/12/17,120
05/01/18,98
12/01/18,90
19/01/18,85
26/01/18,97.5
02/02/18,100
09/02/18,105
16/02/18,110
23/02/18,115
02/03/18,117.5
09/03/18,115
16/03/18,115
23/03/18,117.5
30/03/18,120
06/04/18,105
13/04/18,107.5
20/04/18,110
27/04/18,110
04/05/18,110
11/05/18,110
18/05/18,110
25/05/18,115
01/06/18,117.5
08/06/18,115
15/06/18,112.5
22/06/18,120
29/06/18,120
06/07/18,120
13/07/18,117.5
20/07/18,115
27/07/18,115
03/08/18,105
10/08/18,95
17/08/18,95
24/08/18,95
31/08/18,107.5
07/09/18,102.5
14/09/18,110
21/09/18,115
28/09/18,120
05/10/18,125
12/10/18,125
19/10/18,130
26/10/18,130
02/11/18,130
09/11/18,130
16/11/18,130
23/11/18,130
30/11/18,160
07/12/18,170
14/12/18,172.5
21/12/18,190
28/12/18,195
04/01/19,195
11/01/19,152.5
18/01/19,147.5
25/01/19,127.5
01/02/19,122.5
08/02/19,120
15/02/19,115
22/02/19,110
01/03/19,110
08/03/19,107.5
15/03/19,110
22/03/19,120
29/03/19,110
05/04/19,100
12/04/19,90
19/04/19,90
26/04/19,95
03/05/19,105
10/05/19,117.5
17/05/19,120
24/05/19,120
31/05/19,117.5
07/06/19,115
14/06/19,110
21/06/19,115
28/06/19,110
05/07/19,95
12/07/19,97.5
19/07/19,95
26/07/19,95
02/08/19,95
09/08/19,115
16/08/19,105
23/08/19,115
30/08/19,125
06/09/19,115
13/09/19,112.5
20/09/19,100
27/09/19,100
04/10/19,110
11/10/19,135
18/10/19,220
25/10/19,160
01/11/19,152.5
08/11/19,145
15/11/19,145
22/11/19,155
29/11/19,155
06/12/19,145
13/12/19,155
20/12/19,165
27/12/19,185
03/01/20,185
10/01/20,145
17/01/20,140
24/01/20,95
31/01/20,95
07/02/20,90
14/02/20,92.5
21/02/20,110
28/02/20,100
06/03/20,125
13/03/20,165
20/03/20,165
27/03/20,165
03/04/20,205
10/04/20,200
17/04/20,250
24/04/20,470
01/05/20,425
08/05/20,415
15/05/20,175
22/05/20,145
29/05/20,120
05/06/20,80
12/06/20,70
19/06/20,72.5
26/06/20,80
03/07/20,75
10/07/20,57.5
17/07/20,50
24/07/20,57.5
31/07/20,60
07/08/20,57.5
14/08/20,90
21/08/20,100
28/08/20,100
04/09/20,75
11/09/20,75
18/09/20,65
25/09/20,70
02/10/20,67.5
09/10/20,72.5
16/10/20,67.5
23/10/20,62.5
30/10/20,57.5
06/11/20,65
13/11/20,72.5
20/11/20,80
27/11/20,77.5
04/12/20,85
11/12/20,110
18/12/20,117.5
25/12/20,100
01/01/21,85
08/01/21,85
15/01/21,82.5
22/01/21,75
29/01/21,75
05/02/21,80
12/02/21,82.5
19/02/21,85
26/02/21,95
05/03/21,95
12/03/21,107.5
19/03/21,125
26/03/21,130
02/04/21,135
09/04/21,130
16/04/21,120
23/04/21,112.5
30/04/21,105
07/05/21,92.5
14/05/21,95
21/05/21,90
28/05/21,95
04/06/21,90
11/06/21,92.5
18/06/21,87.5
25/06/21,85
02/07/21,82.5
09/07/21,80
16/07/21,90
23/07/21,85
30/07/21,87.5
06/08/21,110
13/08/21,140
20/08/21,135
27/08/21,135
03/09/21,125
10/09/21,115
17/09/21,110
24/09/21,110
01/10/21,105
08/10/21,100
15/10/21,125
22/10/21,125
29/10/21,130
05/11/21,120
12/11/21,120
19/11/21,110
26/11/21,112.5
03/12/21,120
10/12/21,130
17/12/21,140
24/12/21,135
31/12/21,125
07/01/22,100
14/01/22,97.5
21/01/22,97.5
28/01/22,96
04/02/22,98
11/02/22,95
18/02/22,95
25/02/22,105
04/03/22,175
11/03/22,210
18/03/22,185
25/03/22,185
01/04/22,180
08/04/22,160
15/04/22,165
22/04/22,210
29/04/22,290
06/05/22,325
13/05/22,290
20/05/22,300
27/05/22,260
03/06/22,245
10/06/22,285
17/06/22,375
24/06/22,350
01/07/22,280
08/07/22,290
15/07/22,290
22/07/22,280
29/07/22,260
05/08/22,265
12/08/22,275
19/08/22,275
26/08/22,290
02/09/22,300
09/09/22,335
16/09/22,315
23/09/22,285
30/09/22,210
07/10/22,170
14/10/22,190
21/10/22,200
28/10/22,210
04/11/22,215
11/11/22,215
18/11/22,210
25/11/22,310
02/12/22,320
09/12/22,350
16/12/22,375
23/12/22,365
30/12/22,380
06/01/23,275
13/01/23,200
20/01/23,150
27/01/23,130
03/02/23,135
10/02/23,140
17/02/23,210
24/02/23,215
03/03/23,185
10/03/23,200
17/03/23,195
24/03/23,175
31/03/23,210
07/04/23,210
14/04/23,200
21/04/23,200
28/04/23,195
05/05/23,190
12/05/23,175
19/05/23,160
26/05/23,155
02/06/23,145
09/06/23,130
16/06/23,140
23/06/23,157.5
30/06/23,150
07/07/23,125
14/07/23,115
21/07/23,110
28/07/23,160
04/08/23,160
11/08/23,135
18/08/23,150
25/08/23,142.5
01/09/23,145
08/09/23,145
15/09/23,170
22/09/23,165
29/09/23,155
06/10/23,160
13/10/23,170
20/10/23,180
27/10/23,170
03/11/23,155
10/11/23,145
17/11/23,135
24/11/23,125
01/12/23,120
08/12/23,125
15/12/23,155
22/12/23,200
29/12/23,185
05/01/24,190
12/01/24,200
19/01/24,265
26/01/24,350
02/02/24,360
09/02/24,275
16/02/24,240
23/02/24,220
01/03/24,170
08/03/24,170
15/03/24,280
22/03/24,310
29/03/24,280
05/04/24,240
12/04/24,195
19/04/24,225
26/04/24,235
03/05/24,220
10/05/24,235
17/05/24,270
24/05/24,275
31/05/24,230
07/06/24,245
14/06/24,230
21/06/24,240
28/06/24,230
05/07/24,225
12/07/24,210
19/07/24,170
26/07/24,160
02/08/24,155
09/08/24,125
16/08/24,120
23/08/24,140
30/08/24,135
06/09/24,145
13/09/24,145
20/09/24,165
27/09/24,165
04/10/24,125
11/10/24,125
18/10/24,137.5
25/10/24,130
01/11/24,120
08/11/24,110
15/11/24,105
22/11/24,110
29/11/24,110
06/12/24,110
13/12/24,110
20/12/24,110
27/12/24,110
03/01/25,110
10/01/25,157.5
17/01/25,165
24/01/25,130
31/01/25,125
07/02/25,120
14/02/25,130
21/02/25,137.5
28/02/25,135
07/03/25,135
14/03/25,170
21/03/25,180
28/03/25,155
04/04/25,150
11/04/25,140
18/04/25,130
25/04/25,145
02/05/25,135
09/05/25,135
16/05/25,160
23/05/25,170
30/05/25,160
06/06/25,160
13/06/25,145
20/06/25,215
27/06/25,150
04/07/25,140
11/07/25,145
18/07/25,147.5
25/07/25,150
01/08/25,150
08/08/25,170
15/08/25,165
22/08/25,157.5
29/08/25,150
05/09/25,155
12/09/25,155
19/09/25,140
26/09/25,130
03/10/25,122.5
10/10/25,115
17/10/25,112.5
24/10/25,142.5
31/10/25,150
07/11/25,145
14/11/25,142.5
21/11/25,157.5
28/11/25,190
05/12/25,180
12/12/25,175
19/12/25,165
26/12/25,167.5
02/01/26,180
09/01/26,190
16/01/26,225
23/01/26,205
30/01/26,215
06/02/26,205
13/02/26,180
20/02/26,190
27/02/26,225
06/03/26,560
13/03/26,355
20/03/26,450
27/03/26,600
03/04/26,600
10/04/26,700
17/04/26,700
24/04/26,700
01/05/26,700
08/05/26,700
15/05/26,675
22/05/26,675
29/05/26,675
05/06/26,675
12/06/26,675
19/06/26,675
26/06/26,520
03/07/26,325
